ID,PCR
TRG002728,0.5232504606246948
TRG002649,0.5315714478492737
TRG002628,0.4670470654964447
