ID,PCR
TRG002728,0.5172078013420105
TRG002649,0.5315665602684021
TRG002628,0.4670470654964447
